source,target,relation
Woman’S Scream,Distance,is hear
Christian,Elder,is paralyze
Temple,Fire,is set
C. Mackenzie,Cast,join
Craig Di Francia,Cast,were reveal
Sebastian Maniscalco,Cast,were reveal
Canadian Musician Robbie Robertson,Soundtrack,supervise
Train,Vuk,is attack
Kota Eberhardt,Telepath Selene Gallio,portray
Singer,Sequel,did not return
Which,Penn,stand
Jessica Chastain,Same Character,was being consider
Mauro Fiore,Cinematographer,serve
Filming,October,was complete
Soundtrack,June,was release
Album,August,was release
Film,Walt Disney Studios Motion Pictures,is distribute
Film,Kyle Chandler,star
Emma,Several Monarch Members,free
Madison,Her Mother.Through Mythological Texts,disown
Joe Morton,Older Dr,appear
Godzilla,Themselves,were credit
Dougherty,His Reaction,state
Legendary'S Only Mandate,Monarch,be
Ten Writers,Treatment,contribute
Script,Year,take
Dougherty,Improved Lines,change
Film,This,become
Other Actors,Body,perform
Production Designer Scott Chambliss,All The Art Directors,manage
Tracks,Bear Mccreary,are write
Score,Mccreary,is conduct
Film'S First Teaser Poster,December,were release
Main Theatrical Poster,April,was release
Film,June,was schedule
Collectible Tickets,Two Sizes,were offer
4K Release,Hdr10,include
Such Heroes,One-Liners,be
Action Films,Extensive Stunt Work,tend
Examples,Indiana Jones Franchise,include
Mall Cop,Trend,be
Both,Many Roles,have
Producer,Pre,supervise
Producer,Marketing,will oversee
Line Producer,Certain Cases,can be credit
Most Producers,"College, University Or Film School",start
Film Directors,Screenwriters,start
Other Film Directors,Film School,have attend
Directors,Different Approaches,use
Directors,Additional Roles,take
Film Schools,Sound Stages,are equip
Full Degree Course,Up To Five Years,can be design
German Film And Television Academy Berlin,Berlin/Brandenburg Tv Station,cooperate
National Film Awards,India,be
National Film Awards,Two Main Categories,are present
Mass Riot,Gotham,break
Arthur,Arkham State Hospital,is imprison
His Film War Dogs,August,premiere
Dante Pereira-Olson,Cast,join
Film,Samuel Beckett,be
Second Draft,22 May,was produce
Both Beckett,Zero Mostel,be
Beckett,Buster Keaton,suggest
This,United States,be
David Rayner Clark,Max Wall,direct
Camera,Brief Close-Up,give
His Coat Tails,Stairs,are see
Mechanics,Tasks,be
E,Person,not be
Beckett'S Script,Various Ways,has been interpret
Viewers,Work,are being ask
Beckett,Particular Project,become
Four Directors,Series,work
David Heyman,Film,was confirm
Their Only Previous Acting Experience,School Plays,be
Barron,Last Four Films,was appoint
Other Executive Producers,Tanya Seghatchian And Lionel Wigram,include
Production Designer,Eight Films,be
The,Substantial Piece,n't be
Harry Potter Series,Four Composers,has have
Desplat,Harry Potter,return
Director,Very Last Time,shout
Harry Potter,His Unkind Muggle  Aunt,be
Part,2D,was release
Johns,January,report
Principal Photography,August,begin
David Ayer,Director,confirm
Justice League,November,was release
Aquaman,October,was announce
Pre,August,begin
Villain Mister Mind,Mid-Credits Scene,is introduce
Sequel,San Diego Comic-Con,was announce
Pre,Early December,had begin
Pedro Pascal,Key Role,was cast
Other Filming Locations,Warner Bros,include
Woman,June,wonder
Initial Script,Berlanti,was draft
Dan Mazeau,Co,was bring
John Francis Daley,March,were hire
Miller,Speed Force Multiverse,reveal
Pre,January,is schedule
Who,Emmerich,through
Aquaman,December,is schedule
Suicide Squad,Batman V Superman,occur
Production,April,may confirm
Whishaw,Project,leave
New Markets,France,include
Horror,Fantasy,may overlap
Prevalent Elements,Ghosts,include
This,Trick Films,be
Trick Films,Innovative Special Effects,be
L'Inferno,Three Artists,adolfo
Series,Surrealist Movement,be
Film,Five Stories,is split
F. W. Murnau,First Vampire-Themed Movie,make
This,Expressionism Style,help
His Exaggerated Smile,Dc Comics' The Joker,be
Film,Audiences,was receive
Extraordinarily Rich And Innovative Silent Classic,Special Effects,be
Film,Critics,was receive
Frankenstein'S Assistant,Murderer'S Abnormal Brain,give
First One,Rue Morgue,be
Universal Pictures,Two Iconic Actors,pair
Peter Ruric,Screenplay,write
Science-Fiction/Horror Film,1931 Hit Frankenstein,be
Actress Elsa Lanchester,Monster'S Bride,portray
Film,Gloria Holden,was call
Criticism,Intervening Decades,has been divide
Film,Boris Karloff,be
Phantom Creeps,Sound,be
Other Studios,Universal'S Lead,follow
Audience'S Fright Factor,Way,is enhance
Film Director,Film Gimmick,is consider
1950S,Creature Feature,be
Fly,Vincent Price,be
Film,Popular Culture,has become
Phrase Twilight Zone,Surreal Experiences,is use
1970S,American Horror Films,be
Independent British-Italian Film,Nicolas Roeg,be
Murder,Horror Films,be
Poltergeist,20Th Scariest Movie,is rank
Changeling,Peter Medak,be
Its Influence,Films,can be see
My Bloody Valentine,Valentine'S Day Fiction,be
First Shake,Philippines,was release
Several Science Fiction Action Horror Movies,1980S,were release
Which,Special Effects Artist Stan Winston,be
Event Horizon,Paul,be
Tremors,Tremors Franchise,be
Valentine,Contrast,be
Others,Many Awards,be
Comic Book Adaptations,Blade Series,become
Pronounced Trends,Horror Films,have mark
Films,Non-English Language Countries,have become
Notable Film,Spanish Filmmaker,be
Cold Prey,Roar Uthaug,be
Others,Psychological Horror Film,prove
Latter Film,Sequel,spawn
Covenant,Extraterrestrial Themes,address
Verónica,Real Events,be
Sequel,February,was release
Category,Fantasy Genre,fuse
Holiday Horror,Horror Events,depict
Examples,R Treat,include
Examples,Frankenstein,include
Common Themes,Vengeful Ghosts,include
Examples,Ring,include
Genre,Science Fiction,may overlap
Examples,Birds,include
Many Early Horror Films,Great Social And Legal Controversy,create
Horror Movies,Positive Endings,do not present
Satirical Comedy-Drama,Illicit Love Affair,is concern
Others,Duck Soup,include
Such Films,Words,splatter
Military And Service Comedies,Good Morning,include
Film,Coating,be
Festival,European Films,has become
Jill Forbes,European Cinema,argue
Curse,Black Pearl,become
Second Film,Computer-Generated Walt Disney Pictures Logo,be
Village Roadshow Studios,Filming Locations,were confirm
Market,Musicals,became flood
Many Comedies,Their Own Musical Numbers,include
Other Animated Musical Films,Rio,include
Colour,Late 1950S,did not become
Raja Hindustani,Pagal Hai,dil
Juvenile Stars,Box-Office,appear
American Films,Aleksandrov,impact
First Successful Blend,Social Message,be
Another,Aleksandrov'S More-Popular Films,be
Music,Orlova'S Singing,was limit
Work,Spectacle,provide
Other Director,Musical Films,be
All,His Wife,star
Short Comedies,Serial,be
Animated Cartoons,Short Subjects,come
Short Films,"Student, Independent And Specialty Work",had become
A Few Animated Shorts,Mainstream Commercial Distribution,continue
Shortstv,Short Films,be
Such Movies,Internet,can be distribute
Rinaldi,Adult Gretta,portray
Part,Kids,be
Sophia Lillis,Jessica Chastain,choose
Town Hall Exterior,Derry Library,was use
Visual Effects,Atomic Arts,were provide
Music,Benjamin Wallfisch,is compose
Feature Film,Time,notion
First Narrative Feature Film,Kelly Gang,be
Early Features,Noteworthy Events,be
Early Italian Features,Pompeii,be
Songs,Edgar Yip Harburg,were write
Musical Score,Stothart,were compose
H. Cannon,Brief Four-Page Outline,had submit
Part,Betty Jaynes,was write
Contract Player,September,was cast
Gale Sondergaard,Wicked Witch,was cast
All The Oz Sequences,Three-Strip Technicolor,were film
Arnold Gillespie,Film,be
Dorothy'S House,Small Maquete,was recreate
Cowardly Lion'S Costume,Real Lion Skin,was make
Film,Its Musical Selections,is note
Haley,Ebsen'S Solo Parts,rerecorde
Musical Pieces,Editing Process,were delete
This,Ding-Dong,be
Witch,Smaller Dialogue Sequences,be
Film'S First Sneak Preview,San Bernardino,was hold
Film,August,open
Restoration Job,Prime Focus World,was give
Film,Ultra Hd,is schedule
2D Version,Its G Rating,retain
Disney'S Snow White,Half,have
Roughly 40 Identifiable Major Differences,Original Book,exist
Adrian,Final Design,be
Example,Police Story,include
Genre,Mehboob Khan'S Aurat,was pioneer
Examples,12 Angry Men,include
Rika,Unsuccessful Muslim Actor Surya,be
Surya,Rika'S Affections,are compete
Individual Characters,People Bramantyo,has know
Bramantyo,Main Cast Members,contact
Principal Photography,June,begin
First Trailer,November,was release
Final Trailer,March,was release
Maleficent,North America,be
Its Largest Opening Weekends,China,be
Film,Double The Amount,end
Everyone,Her Presence,fade
Principal Photography,August,conclude
Director Godfrey Reggio,His Films,edit
Artistic Merits,Film Music,are debate
Production Music,Media Producers,be
Apm,"Over 250,000 Tracks",have
Examples,Killers,include
This,War,mean
Title,Image,be
Sala,Release,be
Film,Brazil,was ban
Decision,5 July,was overturn
Dragan Bjelogrlić,Film,criticize
That,Something,be
Nota,Anand Shankar,be
Film,Box Office,be
Varun Subramanyam,Uk,be
Varun,Name,gain
Dam,Many Lives,open
Vinothan,Heated Argument,have
Emotional Drama,Characters,be
Soundtrack And Film Score,A. R. Rahman,were compose
Production Design,T. Muthuraj,was handle
Principal Photography,15 July,commence
Shoot,Diya,does not go
Plan,Truth,prove
Additional Stunt Direction,Anl Arasu,was do
Additional Prosthetic Makeup,Christien Tinsley,was do
Asin'S Name,Chopra,was suggest
Film,14 January,is schedule
Media Rights,Satellite Rights,include
Final Domestic Net Collections,Crores,be
Karma,Kanittha Kwanyu,be
Atlee Kumar,Tamil Film Industry,be
Film Festivals,Films,show
Festivals,Specific Film-Maker,focus
Most Prestigious Film Festivals,World,are consider
Venice Film Festival,World,be
Australia'S First And Longest Running Film Festival,Sydney Film Festival,be
Sundance Film Festival,Southwest,be
Biggest Independent Film Festival,Uk,be
A Few Film Festivals,Specific Issues/ Subjects,have focus
Festivals,Both Mainstream And Independent Films,have include
Examples,Health-Related Film Festivals,include
Toronto'S Hot Docs,Filmmaker Paul Jay,be
Whistler Film Festival,More Than 80 Screenings,have
Corto International Film Festival,Mexico,be
Its Focus,Latin American Cinema,be
Many Film Festivals,Animation,are dedicate
Notable Festivals,Hong Kong International Film Festival,include
Franchise,Short Films,include
Emphasis,Car Culture,be
Visual Effects Company Weta Digital,Walker'S Likeness,was hire
Film,April,was delay
Cast,Pepper'S Ghost Hologram,appear
Parkour Athletes,Drivers,feature
Following List,Tour'S Website,is source
Models,Renowned Diecast Designer Eric Tscherne,were design
People’S Choice Award,Best Short Film,was present
Ceremony,Next Year,was push
Two Reasons,Change,be
Theme,Future,be
Meena,Rafiasha Bhoslekishore,kumarimohamme
Batman Series,North America,be
Film,Bat'S Cave,introduce
Robert Lowery,Batman,play
Film,Leslie,was direct
Batman'S Popularity,Late 1970S,was wane
Nine Rewrites,Nine Separate Writers,were perform
Rewrites,Warren Skaaren,were perform
Filming,Warner Bros,start
Film,More Money,feel
Arnold Schwarzenegger,Mr,star
Aronofsky,Batman Franchise,intend
Joss Whedon,December,pitch
Dark Knight,Nolan'S Batman Trilogy,is intend
Tom,Bane,was cast
Charles Roven,Film,is set
Batman'S History,Killer Croc,is reference
Calotype Process,Paper Negatives,produce
All,These,be
Film,278 Patents,have
Photographic Lenses,Film,are design
This,Color Film,be
Filters,Different Film Types,be
Subject Matter,Very Heavy Exposure,be
Most Automatic Cameras,Particular Average Density,try
Fourth Naming Standard,Russian Standards Authority,be
Common Film Speeds,Iso,include
Expensive Lenses,Quartz,must be use
Apochromatic Lenses,Spectrum,are recommend
Alfred Hitchcock'S First Thriller,London Fog,be
Film,Future James Bond Films,would be
Action Scenes,Thriller Genre,have get
Such Films,Silver Streak,include
Such Films,Criminal,focus
Central Topics,Serial Killers/Murders,include
Genre,Late 1960S-Late 1970S,be
Examples,Pelican Brief,include
Other Examples,Tall Man,include
Protagonist,Psychic Ability,have
Examples,Thirteenth Floor,include
Loft,Erik Van Looy,be
Production,July,wrap
Loft,Largely Negative Reviews,receive
Bilbo,His Sword,give
Fellowship,Uruk-Hai,is ambush
Aragorn,Lurtz,arrive
Gandalf,Defeated Saruman'S Palantír,retrieve
Gandalf Deduces,Gondor'S Capital Minas,tirith
Gollum,Frodo,attack
Fellowship,Ring,was release
Jackson,His Own Film Production Company,has found
Jackson,New Zealand,has been call
Dispute,8 September,was settle
Numerous Video Games,Film Series,were release
Aladdin,Walt Disney Pictures,be
Aladdin,New Life,get married
Numan Acar,Hakim,was set
Prince,1000 Dancers,feature
His Cgi Scenes,Better Notices,receive
Its Biggest International Openings,China,be
Film,July,was release
Film,May,was release
Film,June,was release
James Mangold,Film,was hire
Mark Bomback,Mcquarrie'S Script,was hire
Screenplay,Kinberg,was write
Visual Effects Specialist Tim Miller,April,was hire
Film,February,was release
X,Increasingly Risky Missions,are go
Additional Filming,August,occur
Records,First Three Films,have been surpass
Morris,X,praise
First Two Films,Their Cerebral Tone,were praise
His Second Studio Album,United States,become
His Third Studio Album,His Earlier Recordings,be
His Live Shows,Their Elaborate Shock Rock Theatricality,have been praise
His Younger Brother,Band Powerman,be
Zombie,Album,release
Zombie'S Second Studio Album,November,was release
Film,April,was release
Album,March,was release
Film,Date,go
Ii,August,was release
Series,His Spookshow International Comic Book,appear
Deluxe,February,was release
Tour,December,conclude
Album,April,was release
Album,Date,has become
Film,Release Date,have
Parties,Deal And Sign Contracts,negotiate
Step,Pre,is design
Actors,Their Own Separate Call Times,have
Take,Everyone,to inform
Camera,Camera Operator,by
Video/Film,Film Editor,is assemble
Computer-Graphic Visual Effects,Artist,are add
Film,Cinemas,is duplicate
Bbfc,Forthcoming Uk Age-Verification Scheme,be
Many Local Authorities,Films,choose
First 12A Certificate,Bourne Identity,be
Turnover,Its London Job Vacancies Website,be
Bbfc,Video Games,has rate
Bbfc Guidelines,Public Consultations,are base
Consultation,March,begin
Bbfc,Following Certificates,issue
First Foreign Language Film,Such An Award,be
Documentary Films,Category,animate
Film,Nomination,earn
Only One Film,Country,is accept
Palestinian-Arab Film,Foreign Language Film Award,succeed
Such Films,Underground Channels,continue
Frenchmen,Earliest Pioneers,eugène
None,Earliest Pornographic Films,are know
Entrepreneurs,Demand,emerge
Term Glamour,Marks,be
Sex Films,European Continent,be
Debbie,Dallas,do
Nothing,This,can stop
Pornographic Film Studios,Houston,are center
Audience,Pornographic Films,has be
Most Actors,Certain Genres,specialize
Annie,Support Group Member,is befriend
Sundance Film Festival,Sundance Institute,be
2019 Sundance Film Festival,January,begin
First Frank Capra Award,Jimmy Stewart,go
Involvement,Actor And Utah Resident Robert Redford,be
2013 Sundance London Festival,Car-Maker Jaguar,was hold
2018 And 2019 Events,Same Venue,continue
War,Siddharth Anand,be
Vaani Kapoor,Lead Role,was finalise
Who,South Korea,be
Themes,Sanchit Balhara,are compose
Film Production Companies,World,were establish
Technical Improvements,Length,add
Movies,Late Victorian Age,would become
Film,Hand-Painted Slides,include
First Films,Device,be
Technique,His 1901 Film Scrooge,was use
James Williamson'S Attack,China Mission Station,be
Films,Proper Plots,be
Jacksonville,African American Film Industry,be
Film Company,Different Approach,be
Trend,Italy,was follow
F. Percy Smith,Charles Urban,be
Swedish Film Industry,Danish Industry,be
Important Man,Svenskabiografteatern Cinema Chain,be
Exhibition Venues,Higher Prices,become
Biggest Success,Years,be
Wark Griffith,Nation,be
German Film Industry,War,was weaken
This,Floodlights,was replace
Other Shaped Slits,Vertical And Diagonal Apertures,were use
New Idea,Still Photography,be
Untitled Film,Photographer Edward Raymond Turner,was direct
American Propaganda Films,Desperate Journey,include
Gimmicks,Audiences,proliferate
Disney,Animated Films,continue
Limelight,At Least One Interesting Respect,be
Hidden Fortress,George Lucas' Star Wars,be
Bonnie,So-Called New Hollywood,is consider
Post-Classical Cinema,New Hollywood Producers,be
His Jeet Kune,Style,do
Most Popular Indian Film,Time,be
Same Camera System,Spy Kids,was use
Silent Film,Synchronized Recorded Sound,be
Pianists,Sheet Music,would play
Term Silent Film,Something,be
Small Town And Neighborhood Movie Theatres,Pianist,have
W. Griffith,Birth,groundbreake
Much Silent Film Acting,Modern-Day Audiences,be
Vaudeville,Many American Silent Film Actors,be
Silent Films,Their Intended Speeds,can appear
Frame,Screen,being flash
Silent Era Projectors,3-Bladed Shutters,were fit
Red Represented Fire,Mysterious Atmosphere,represent
Early Studios,New York City Area,were locate
Others Films,Fort Lee,were shoot
Amounts,Exhibition Gross,be
Australian Film Doctor,Rolf De Heer,be
Stage Plays,Silent Film Styles,have draw
Blancanieves,Pablo Berger,be
That,Silent Film Comedies,be
Sheep,Positive Reviews,was release
Aardman Animations,Morph And Timmy Time As Well As Many Other Silent Short Films,produce
Film,Year,was make
Most Early Forms,Motion Pictures,be
Color Television,U.S,become
Colour Photography,Inaccurate Hues,be
Color Photography,Mid-20Th Century,become
Color,Cover,is reserve
Wyatt Oleff,Supporting Roles,are feature
Kajganich,Warner Bros,mention
Kids,Bill,were creep
Look,Lenses,be
Overall Response,His Face,seem
Film,"Approximately 10,560 Screens",was release
Evil Clown Pennywise,Nightmares,write
Cinema Historians,Category,define
Movement'S Sensibility,Warner Bros,is mirror
Classic Film,Maltese Falcon,noir
Neo-Noir Film Genre,-,develop
Christopher Nolan'S Black-And-White Debut,Classic Noir,be
Film Noir,Many Manners,has been parody
Carl Reiner'S Black-And-White Dead Men,Plaid,do n't wear
Noir Parodies,Darker Tones,come
Long Goodbye'S Final Act,Its Parodic Strain,be
Others,Mood,focus
Survey,Classic Noir'S Identifying Characteristics,can be consider
Characters' Faces,Darkness,be obscure
Robert Montgomery,Mirrors,is see
Certain Archetypal Characters,Many Film Noirs,appear
Bars,Action,be
Soundtrack,Vidyasagar,was compose
135 Camera Film,Kodak Standard Perforations,come
135 Film,Several Emulsion Types,has been make
Perforation Size,Standard Specification,are accord
This,38.00 Mm,is specify
12 Exposure Rolls,Daily Press,have been use
24×36 Mm Exposures,U.S,seem
Gods,Łukasz Palkowski,be
Afi,Private Funding,is support
Prior Leaders,Director George Stevens,were found
Film Training Program,Afi Conservatory,grow
First Class,Filmmakers Terrence Malick,include
Film Producer Richard Gladstein,July,become
Afi Awards,Ten Outstanding Films,honor
Awards,Excellence,be
Additional Sponsors,American Airlines,include
Afi Docs,Washington,be
Festival,"Over 27,000 Documentary Enthusiasts",attract
Afi Silver Theatre And Cultural Center,Silver Spring,be
Who,Eteon'S Director,work
Group,Their Victory,celebrate
Tuisano,Sefina Hobbs,pelenise
Character,Future Film,will be cast
Same Method,Mclaren,was apply
Idris Elba,Super-Human Abilities,was enhance
Second Trailer,April,was release
Final Trailer,June,was release
Reald 3D Conversion,Film,was plan
Film,Camera,run
Many Directors,Unique Artistic Bond,form
Montage,Motion Picture Terminology,be
Two Shots,Same Tone Value,be
Assistant Editors,Temporary Sound,will perform
Lower Budget Features,Only One Assistant,will have
Organizational Aspects Job,Database Management,could be compare
Assistant Editing,Career Path,can be see
Avn Awards,American Adult Video Industry Trade Magazine Avn,be
Xrco Awards,X-Rated Critics Organization,are give
Penny Arcade Attractions,Topless Women,feature
Casey Donovan,First Mainstream Pornographic Hit,star
A,Boxcover,be
Most Actresses,Adult Industry,be
Claims,Various Public Health Authorities,have been criticize
Breakdown Voltage,Dielectric Films,be
This,Peak Current Rating,can double
Film,Different And Less Expensive Material,can be make
Highest Surge-Current Rated Film Capacitors,Metal Foil Construction,be
Metal Foil Capacitors,Self-Healing Properties,do not have
Early Special Type,Plastic Film Capacitors,be
Characteristics,Mixed Film Materials,are not list
Table,Capacitance Values,not be
Dielectric Absorption Performance,Only Ptfe,be
Ptfe,Dupont Trademark Teflon,is know
Offered Film Capacitor,Dhgate,be
Iec Standards,European Standards,are harmonize
Many Manufacturers,De Facto Standard Abbreviations,continue
Required Capacitance Tolerance,Particular Application,is determine
Derating Factors,Both Dc And Ac Voltages,apply
Allowable Peak Value,Superimposed Alternating Voltage,be
Film Capacitors,Alternating Voltage,are not polarize
Capacitors,Effect,are design
If The Series-Equivalent Values,Capacitor,s
Dissipation Factor,Film Capacitors,be
Film Capacitors,Certain Very Small But Measurable Aging Processes,be
Two Main Advantages,Film Capacitors,be
Snubber Capacitors,Very Low Self-Inductance,require
Most Important Criteria,Application,be
So-Called Snubber Capacitors,Additional Special Construction Features,have
Surge  Discharge Capacitors,Extreme Short-Duration Current Surges,be
Power Capacitors,Quite Large Physical Dimensions,can reach
Most Animations,Computer-Generated Imagery,are make
Animation,Information Technology Interfaces,be
Winsor Mccay'S Little Nemo,Very Detailed Drawings,showcase
El Apóstol,Cutout Animation,be
Terrytoons,Tom Terrific,release
Animators' Drawings,Computer System,are scan
3D Animation,Animator,is model
Animator,3D Polygon Mesh,start
Traits,Live-Action,be
List,Awardees,be
Area,Jubilee Hills,consist
Closest Mmts Train Station,Hitec City,be
Roll,Film Cameras,is expose
Film,Advantages,be
Film,Different Cost Emphases,have
Digital Cameras,Film Equivalents,be
Prices,Intense Competition,are drop
Film,Giacomo Ciarrapico,boris
Schwarzenegger,His Role,was confirm
Film'S Story,Miller,was draft
Special Effects Supervisor Neil,Budapest,corbould create
Schwarzenegger,October,complete
Certain Scenes,Two Different Ways,were film
Film'S Theatrical And International Trailers,August,were release
Game,September,was release
T-800 Model,Mortal Kombat,will be
Suspense,Important Plot Element,is maintain
Mystery Films,Crime,focus
Women,Films,be
Earliest Mystery Films,Silent Era,reach
Monogram,Their Own Gentlemanly Oriental Detective,respond
Canary Murder Case,William Powell,has been call
That,Mgm'S Thin Man Formula,bradford
That,Standard Formula,be
Film,Marlowe'S Viewpoint,was film
Columbia,"Serial, Chick Carter",produce
His Character,Sanders' Real-Life Brother,was kill
This,French Exile René Clair,was make
Premise,Old Dark House Genre Horror Films,has been use
Bride,François Truffaut,wear
Film,Detective Genre,be
George Peppard,P.J,be
Robert Culp,Downbeat And Violent Hickey,be
Films,Female Detectives,have not fare
Contemporary Real-Life Serial Killings,Alphabet Killer,have been portray
Ursel,West German Embassy,is kill
Later Two Certificate Awards,15Th National Film Awards,were discontinue
Award,'Rajat Kamal,include
Western Theatre,Romans,develop
Plays,Stock Characters,utilise
Puritans,Theatre,view
Restoration Comedy,Its Sexual Explicitness,be
Henry Irving,British Actor-Managers,be
Much Larger Capital,Major City,was require
Only Men,Societies,could become
Most Scripts,Blocking,specify
Actors,Hand,may have
Vaudeville Theatre,Many American Silent Film Actors,be
Film Actors,Their Mark,need
Film Actors,Screen Tests,need
Tv Actors,Lav Mics,need
Audio Drama,Cds,can be find
Copy,Lost Film,is rediscover
Destruction,Cases,be
Nitrate Film,Very Badly Deteriorated Condition,can combust
High-Profile Example,Theda Bara,be
Prints,Films,have been rediscover
Film,Its Premiere Version,has been restore
Television Material,Film,has been recover
Most Popular Film Sizes,Consumer Snapshots,size
Current Instant Film Formats,Iso,have
Process,Film Type,vary
H. Land,Polaroid-Land Process,introduce
Film Speeds,Film Density,be
Polavision Film,Market,has been take
Polaroid,Instant Film,produce
Polaroid Pif-300 Film,Fuji Instax Mini Film,is rebrande
Kodak'S Original Plan,Packfilm Type Instant Products,be
Fujifilm,April,announce
Formulation,Improved Films,has been supplant
Science-Fiction Mystery Drama Series,Ensemble Cast,feature
Khan,Screenwriter Salim Khan,be
Who,Family Enemies,brother
Film,Mixed Reviews,receive
Film,His Brother,was produce
Skbh Productions,Mahesh Manjrekar,will be
First Film,Banner,be
Cabbie,Canada,become
Khan,10 Ka Dum,host
Khan,Bigg Boss,host
Akshay Kumar,Khan,replace
Khan,Detergent Brand Wheel,be
Tiger Biscuits,Salman,be
Salman,His Longtime Loyal Bodyguard Shera'S Son,has decide
Foundation,Two Focus Areas,have
Youngster,“Bajrangi Bhaijaan” Star Khan,wish
Khan,Galaxy Apartments,reside
Khan,Dating Actress Katrina Kaif,start
Court,Case,refuse
Writer,Hogg'S 2007 Film,work
Mehra,Music,compose
Baby Noor Jehan,Actress,be
Principal Photography,December,begin
Karamveer,W Ji Relents,plead
Karamveer,Such Unsolicited Requests,is frustrate
Everyone,Puja,backfire
This,Further Backfires,move
Film,13 September,was release
Song Dhagala Lagali,Due Copyright Issue,was remove
Gorilla,Don Sandy,be
Music,Sam C.,was compose
R. B. Gurudev,Anthony L. Ruben,was do
C. S.,Yugabharathi,were pen
Five-Storey Facility,Five Cinemas,contain
Films,December,are announce
Festival'S Major Prize,Feature-Length Film,is give
People'S Choice Awards,Documentary And Midnight Madness Films,are present
Film,Production,was title
Pk,19 December,was release
Criticism,Anti-Hindu Sentiment,was focus
His People,Nothing,know
Tapasvi,Pk'S Remote,is force
Second Motion Poster,20 August,was release
Third Motion Poster,15 September,was release
Teaser,Film Happy New Year,was attach
My Character,Bhojpuri,speak
Game,Feature Phones,was develop
Pk,6 June,was schedule
Director,More Time,want
Portions,Sanjay Dutt,be
Makers,December Release,settle
Pk,4844 Screens,was release
Pk,Uttar Pradesh,has been make
Dna,Rentrak,report
Full Soundtrack,17 November,was release
Song Tharki Chokro,8 November,be
Rajkumar Hirani,Doubt,be
Film,Chiranjeevi,is narrate
Film'S Soundtrack,Ilaiyaraaja,were compose
Rudrama,Prince’S Manner,is bring
Allu Arjun,Role,was select
Neeta Lulla,Costumes,design
Film'S Official Trailer,March,was release
Worldwide Gross,35 Days,be
Soundtrack,Tamil,were release
Aadujeevitham,Blessy,be
Original Score,A. R. Rahman,mohanan
Film Score,Maestro A. R. Rahman,are compose
Sonoko,Fellow Art Student,fall
Relationship,Their Partners,develop
Transparency,Raul Inglis,be
Camera Rig,Film'S Producer,be
Even The Lippert Shorts,Dual-Strip Format,be
James Mage,3D Craze,be
Project,Rko,be
One Film,Notoriety,be
Which,Two Films,experience
Expo,Grauman'S Egyptian Theatre,was hold
Long-Lost Shorts Carmenesque,Country,were show
This,Many Ways,be
Only Real Option,New Stereoscopic Cameras,be
Digital Cinema Cameras,3D,not be
Several Films,3D Backgrounds,use
One Exception,Orin,be
3D Version,Imax Theaters,be
Other Animation Films,3D,have release
Different Techniques,Other 2D Films,must be employ
This,Strange Visual Effects,can lead
3D Films,Anaglyph,were convert
Linear Polarization,Consumer Level Stereo Projectors,was use
Screen Image,Result,be
This,Nvidia,be
Omega Optical'S 3D System,Projection Filters,contain
Omega'S Red/Cyan Anaglyph Glasses,Complex Metal Oxide Thin Film Coatings,use
Rod,Passive Lidar,can act
Versions,2-D Glasses,are being market
Two Battle,Maru'S Laboratory,destroy
Gadot,Three-Picture Deal,sign
Jenkins,1918-Era London,make
Gas,War,was intend
Reaction,Debate,be
Others,Cameron'S Critique,be
Whose Motivations,Motherhood,be
Beyoncé Knowles,Ali Larter,obsess
Desolation,Smaug,hobbit
Ashley Miller,Film'S Script,were hire
Brian Tyler,Film'S Music,was bring
Newcomers Dacre Montgomery,Jason,were cast
Filming,May,be
Additional Filming,October,occur
Music,Brian Tyler,is compose
International Trailer,December,was release
Franchise,Its Future,remain
Five Films,Honorable Mentions,receive
This,Best Actor,was award
Thomas Newman,Film'S Score,provide
Film,Christian Mysticism,has been interpret
Warden,Former United States President Richard Nixon,has been compare
Smith,Washington,go
Freeman,Additional Takes,refuse
Scenes,Mansfield,were film
Film'S Score,Thomas Newman,was compose
Shawshank Redemption,Generally Positive Reviews,open
Darabont,Two Other King Stories,adapt
25Th Anniversary,August,was celebrate
Film,John'S 1972 Song Rocket Man,is title
Project,Nearly Two Decades,languish
Lee Hall,Screenplay,was set
Production,2 August,begin
Film,Samoa,was ban
Sex,Danger Zone,be
Rrr,S.,be
Film,30 July,is schedule
Red,Pluto'S Cries,is draw
Tyler Family,Their Tethered,is murder
Official Trailer,December,was release
4K Release,2K Master,be
Blackhat,Michael Mann,be
Film,Chris Hemsworth,star
Hathaway'S Hack,Nsa,does not go
Lien,Subway,escape
Film,Digital Cameras,would be
Mike Dean,Additional Music,contribute
Deadline,Lee,credit
Cut,Tnt,can be see
Sigma Films,Glasgow,be
Gillian,Jamie Bell,be
Transformers,Transformers Toy Line,be
Don Murphy,G.I,was plan
Prime Directive,Fake Working Title,was use
This,Dreamwave Productions' First Transformers Comic Book,be
Rendered Piece,Real Metal,have
Photographs,Set,were take
Allspark,Its Own Theme,have
Hans Zimmer,Score,help
Third Film,Moon,was release
All,Negative Critical Reviews,have receive
Orm,Upper Hand,gain
Temuera Morrison,Tom Curry,appear
Robert Ben Garant,Screenplay,with
Randall Park,April,was cast
Two-Time Academy Award Winner Charles Gibson,Overall Visual Effects Supervisors,serve
Ilm,Atlantis,be
Underwater Ships,Organic Creatures,were model
Ilm,670 Shots,deliver
Dinosaurs,Keyframe Animation,were animate
Digital Domain,19-20 Shots,deliver
Scanline Vfx,450 Shots,deliver
Bryan Hirota,Vfx Supervisor,serve
Additional House,Sound Stages,were build
Character Posters,Aquaman,were release
Aquaman,Philippines,be
Studio,Sequel,had start
Horror-Tinged Spin-Off,Development,announce
Duellists,Limited Commercial Impact,have
2002 Director'S Cut,Goldsmith'S Original Score,restore
His Next Project,Paradise,be
Scott'S Historical Drama Gladiator,His Biggest Critical And Commercial Successes,prove
Film,Mixed Reviews,be
Film,10 November,was release
Sequel,6 October,was release
Who,Case,in
Biographical Sports-Drama,Bhushan Kumar,is produce
This,Their 2016 Marathi Film Sairat,be
Film,31 August,was wrap
Release Date,13 December,has been postpone
Soundtrack,Jerome Pushparaj,was compose
Industry,Language,is segment
South Indian Film Industry,Five Film Cultures,encompass
Global Audiences,India'S Film Industry,become
Tollygunge,Indian Film Industry,be
1940 Film,Indian Movie World,be
Film,Y.,was direct
Movement,Social Realism,emphasize
Hussain/Salim-Javed Concoction,First Masala Film,was identify
Other Hindi Stars,Anil Kapoor,include
Tamil Language Films,Multiple Film Festivals,appear
Nayakan,Time Magazine'S All-Time 100 Best Movies List,was include
Indian Films,International Fora And Film Festivals,appear
Indian Cinema,Academy Awards,has been recognise
Ray'S Films,Apu Trilogy,include
This,1930S,was do
Typical Film,5–6 Choreographed Songs,may feature
Location Shooting,Budget Considerations,is motivate
Most Popular Locations,Regional Industry,be
Avm Productions,India,be
21St Century,Bollywood-Style Assamese Movies,has produce
Bengal,Science Fiction,has produce
Other Bengali Art Film Directors,Mir Shaani,include
Bhojpuri Film History,Ganga,begin
Few Films,Following Decades,were produce
Many Film Directors,Silent Films,be
At Least Forty-Four Major Gujarati Directors,Period,work
Art Film Directors,Kaul,include
Kannada Actor Rajkumar,Veeranna,begin
Veeranna,His Wife,be
Rajkumar,"Vishnuvardhan, Ambarish, Anant Nag, Shankar Nag, Prabhakar, Udaya Kumar, Kalyan Kumar, Gangadhar, Ravichandran, Shivarajkumar, Shashikumar, Ramesh Arvind, Devaraj, Jaggesh, Saikumar, Vinodraj, Charanraj, Ramkumar, Sudeep, Darshan, Puneeth Rajkumar",be
Kannada Directors,H.,include
Other Noted Film Personalities,Kannada,be
Kannada Cinema,Indian Parallel Cinema,contribute
Konkani Language Films,Goa,are produce
Film'S Release Date,Konkani Film Day,is celebrate
Malayalam Film Industry,Kochi,is base
Filmmakers,"Gopalakrishnan, Karun, Aravindan, K.",include
Movie,First Indian Social Drama Feature Film,is credit
Daniel,Malayalam Film Industry,is consider
Maipak,Manipur,be
Which,Dhananjay Nath Tiwari,nagpur
Odia Language Film Industry,Bhubaneswar,operate
First Odia Talkie Sita Bibaha,Mohan Sunder,come
Mehra,First Punjabi Film,make
Manny Parmar,First 3D Punjabi Film,make
Kalidas,Tamil,film
Avm Studios,India,be
Prasad Imax,Hyderabad,be
Chittor,Nagaiah,be
30 To 40 Films,Tulu,are make
Some,Prominent Ones,include
Films,Centers,be
Which,Walt Disney Studios,company
Nestor Studios,27 October,be
Life,2006 Venice International Film Festival,be
Remaining Majority Portion,"Northern, Western, Eastern And Southern India",is spread
Indian Film Industry,More Than 1000 Films,produce
1940S,Egyptian Cinema,are consider
North Korean Films,Their Communist Or Revolutionary Themes,tend
Hong Kong,Chinese-Speaking World,be
Cinema,Turkey,be
Word Dhallywood,Words,be
Minimum Cost,Foreign Film,be
Screenplay,Trinidadian Playwright,was write
God,Fighter,love
Los Angeles Cultural Heritage Board,Studio,name
Sign,Several Years,was leave
Tickets,Attendance,be
Bollywood,Mumbai,be
Bollywood,Hindi Cinema,is refer
Bollywood,Talkies,switch
Film,Surti,was edit
Mohanan,Photography,be
Critics,Writing,highlight
Akash,Musical Piece,is attempt
Pramod,Simi,be
Simi,Mrs D'Sa,kill
Khurrana,Omelettes,make
Tabu,Simi,be
Album'S Lyrics,Jaideep Sahni,were write
Vocals,Trivedi,were provide
Background Score,Daniel B. George,was compose
Trailer,2 September,was release
Film,₹10.37 Crore,do
His Son,Khurrana'S Role,will be reprise
Film Genre,Conventions,is associate
Other Popular Combinations,Romantic Comedy,include
Alan Williams,Three Main Genre Categories,distinguish
Mood,Film,be
Many Films,Multiple Genres,cross
Cinema Technologies,Genres,are associate
Production Attributes,Low-Budget Film,can be consider
Pattern,Western Film,can be see
Hollywood Oligopoly,Edison Monopoly,replace
Veteran Producer Joseph Schenck,President,was hire
Members,William Cagney,include
Not All Low-Budget Films,Non-Commercial Art Ventures,exist
Holocaust,Envelope,continue
Independent Cinema Movement,Festival,was launch
Domestic Box Office Revenue,Independent Studios,be
Superior Products,Six Major Studio Producer-Distributors,be
These,United Artists,include
3-D Technology,Low-Budget,be
Petróleo,Fernando De Fuentes,be
2003 Festival,"More Than 300,000 People",bring
Noire,Tribeca Film Festival,become
That,Public Derision,move
Term,Bombay,be
Lavish Romantic Musicals,Time,be
Masala Films,Biggest Bollywood Star,bachchan
Popular Films,Decade,be
Kronos Quartet,Recorded Several R.,re
Songs,Three-Hour Show,are combine
Parallel Cinema Films,Outside Bollywood,tend
Film Scripts,Different People,are write
Film Scripts,Latin Script,are write
Cinematic Language,God,be
Song Lyrics,Love,be
Bollywood Songs,Ardeshir Irani'S Alam Ara  Song,were introduce
Contemporary Bollywood Dancers,Madhuri Dixit,include
Older Dancers,Helen,include
Consumer Copying,Problem,add
Popular Tune,Audiences,is believe
Bollywood,Other Products,is use
Many Pakistanis,Hindi,understand
Popular Actors,Shah Rukh Khan,include
Films,Thailand,be
Bollywood Films,China,have been appreciate
Film,South Korea,be
Bollywood Films,Former Soviet Union,be
Bollywood Films,Gazeta Wyborcza,are cover
Indian Movies,New Youth Culture,permit
Laloo Prasad Yadav,South Africa,padmashree
Kishore Kumar,Egypt,have be
Less-Commercial Bollywood Films,North Africa,are screen
Many Bollywood Films,United Kingdom,have be
Bollywood,France,is appreciate
Bollywood Writers,Rushed Production Schedules,have been know
Copying,India,be
Our Tv Shows,American Programmes,be
Bollywood Soundtracks,Guinean Singer Mory Kanté,plagiarise
Musafir,Pramod Pappan,be
Film,Cyprus,was shoot
Degree Symbol,Din 4512:1961,was drop
Iso Standards,Din,were adopt
Asa Values,American Standard Speed Numbers,were refer
200/24°,°,be
Exposure Index,Speed Rating,may be call
Film,Ei,has been expose
Two Noise-Based Techniques,Consumer Digital,have been use
That,Clipped Or Bloomed Camera Output,be
Speed Ratings,Camera,specifie
Loss,Image Noise,be
Universal Studios,Carl Laemmle,was found
All,Laemmle,would be buy
Disney,Return,release
Relatives,Payroll,be
Teenage Singer Deanna Durbin,Pasternak'S First American Film,star
Film,Studio'S Financial Problems,be
New Combine,One Year,be
Production Arm,Studio,struggle
Motion Picture Business,Late 1950S,was change
Deal,August,was complete
‡,Theatrical Reissue,include
Film Criticism,Films,be
Film,Late 19Th Century,was introduce
Numerous Rating Systems,5- Or 4-Star Scales,exist
Others,Religious Perspective,focus
One Such Example,Intuitor,be
Their Film Critics,Academic Film Background,have
Notable Academic Film Critics,André Bazin,include
Bafta Award Trophy,American Sculptor Mitzi Cunliffe,be
Mask,16 Cm X 14 Cm,measure
First Ever Ceremony,Six Categories,consist
Authors,Terms,resist
Novels,Crime Films,were adapt
Both Classic And Neo-Noir Films,Independent Features,are produce
Noir,Critics,are reject
Aparajita Tumi,Sunil Gangopadhyay'S Dui Naari Haatey Torobaari,be
Digital Media,Transparency Film,replace
Color Reversal Film,E-6 Process,is develop
Polaroid,Instant Slide Film,produce
Such Positive Black-And-White Projection,Motion Pictures,is do
Black-And-White Reversal Films,Color Reversal Films,be
Finished Transparencies,Projection,are display
Slash,Clay Liford,be
Film,Michael Johnston,star
Sound Cameras,Silent Cartridges,be
Single-8 Film Cartridges,Single-8 Cameras,can be use
Picture,Additive Process,will be
Double Super 8 Film,Super 8 Size Sprockets,be
This,Super 8 Film Kit,be
Super 8Mm,Optical Sound Track,was specify
Internacional De Cinema Super8,Its 11Th Year,be
Jfk,Oliver Stone,be
Film,Controversy,became embroil
O'Keefe,Man,be
Garrison,Stone'S Questioning,stand
His Pride,Director,impress
Studio President,Idea,like
That,Jfk,be
Who,Cia,be
Costner,Stone,turn
Martin Sheen,Opening Narration,provide
That,Kennedy,plot
Lighting,Many Cases,have
Lot,His Cuts,be
Traditional 35Mm Film Editing,Various Sized Film Stocks,be
Film'S Production,Intense Scrutiny,be
Dowell,Protest,resign
Both Jfk,Will,be
Garrison'S Estate,Warner Bros,sue
Stauffenberg,Das Erste,be
Sequel,September,was release
Prequel,King'S Man,is set
First Two Kingsman Films,20Th Century Fox,were release
Series,Mark Millar And Dave Gibbons,was create
Film,Imax Release,was give
Film'S Official Title,June,was announce
Rudd,Kingsman,be
Lock,First Film,circle
Four Men,Couple,attack
Grey,Fisk'S Remaining Companion,restore
Grey,Hospital Room,wake
Film,Single Oscar Nomination,did not earn
Film,Brad Pitt,be
Both Zodiac,Paramount Pictures,be
That,My Career,be
Web Films,New Media,be
Film,Hrithik Roshan,star
Anand,Money,need
Filming,September,was complete
National Film Board,Canada,be
French Language Productions,Quebec,are make
Nfb,Its History,be
Nfb,73 Full And Part-Time Positions,eliminate
Who,Goose,samsa
Sand Castle,Oscar,be
Technique,Caroline Leaf'S Film,was use
Sweeney'S Recent Credits,Online Interactive Animation Work,include
Nfb Documentaries,Netflix Canada,be
Barbara Wilson,Canada,be
Cinéaste Recherché,French-Language Emerging Animators,be
Neil Nitin Mukesh,Extended Appearances,make
Film'S Dialogue,Abhijeet Deshpande,were write
Sanu Varghese,Film'S Cinematographer,serve
Principal Photography,28 September,begin
Wazir,Pandit,call
Vijayakar,India-West,sum
Three Decent Songs,Mixed Listening Experience,make
Wazir,Year,be
Lilli,Prasobh Vijayan,be
Film,Appu Bhattathiri,is edit
Others,Their Own Film Festivals,have inspire
Cult Films,Late 1970S,have become
Nosferatu,Bram Stoker'S Dracula,be
American Exploitation Films,Time,were market
Cult Films,Directors,can trap
Young Men,Films,are target
That,Cultures,film
James Dean,Alienated Youth,have become
Cult Films,Their Own Subculture,can create
Previous Articles,Explanation,can be allude
This,Fan Acclaim,can draw
Art Film,Niche Market,be
Cinema Pur Film Movement,Several Notable Dada Artists,include
French New Wave Movement,1960S,continue
Influence,That,wane
Robert Bresson'S Au Hasard Balthazar,"Their Naturalistic, Elliptical Style",be
That,Ethical Issues,series
Other Recent Examples,Mother,include
Hans,Her True Love'S Kiss,can give
Anna,New Sleigh,give
Non-Speaking Characters,Kristoff'S Reindeer Companion Sven,include
Breakthrough,Song,be
Disney,Three Research Field Trips,sponsor
Anna'S Animator,Character,be
All,Different Effects,be
Trio'S Goal,Cohesive Musical Journey,be
At Least 169 Workers,Quick-Drying Wet Cement,fall
Entity,Movie And Television Review,was know
Book,1981 Incident,tell
Film,Few Names,change
This,Revenge,be
Movie,April,was release
Film,British Film Institute,was fund
Soldiers,Crowd'S Protest Escalates,pull
Sean Hesitates,Hook,prepare
Hook,His Barracks,is return
Ad Astra,James Gray,be
Entire Crew,Ensuing Brutal Fight,is kill
Visual Effects,Picture Company,be
Kabaddi,Narendra Babu,be
New Company,May,begin
Company,Special Training School,establish
Ii,Rko,help
William,Fox.In,partner
Partnership,That,work
", Universal Pictures",Process,adopt
Rich'S Assets,U.S,were freeze
Fox Stage Productions,June,was form
Scarce Records,Fox Theaters,were sell
20Th Century Fox,Well-Known Searchlight Structure Logo,use
These,Kannada Language Films,are consider
Film,Theatrical Release,did not see
His Next Release,Gokul,be
Vijay Sethupathi,Masses,has become
Sethupathi,Three Siblings,have
Berlin International Film Festival,Berlin,call
Around Twenty Films,Festival'S Top Awards,compete
Festival,Seven Different Film Sections,is compose
Retrospective Section,Important Themes,is dedicate
Efm,Film Producers,be
Next Major Example,Genre,be
Several Early Films,Science Fiction,merge
Many 1950S Science Fiction Films,Larger Budgets,be
Most Successful Monster Movies,Japanese Film Studio Toho,be
Other Themes,Disaster Films,include
Movie,Political Commentary,be
Terminator Salvation,Only Moderate Success,was release
Not All Science Fiction Themes,Movies,be
This,Science Fiction Film,not be
That,Genre,be
These,Spacecraft Or Space Station,include
Cybernetics,Robocop,are popularize
Working Cloaking Device / Material,Stealth Technology,be
Autonomous Cars,Movie Stealth,will be
Society,Future,will become
Contemporary Science Fiction Films,Social And Political Issues,continue
Its Sequel,Critics,be
Cinematic Adaptation,Clockwork Orange,was not plan
Malcolm Mcdowell,Dvd Commentary,point
Clockwork Orange,United States,be
Maritime Film Classification Board,Ban,reverse
Film Poster,Soundtrack Disc,set
Release,Four Other Kubrick Classics,accompany
Dvd Re-Release Edition,Previous Version,is enhance
Clockwork Orange,Cinema,remain
Clockwork Orange,American Film Institute'S  Top Movie Lists,appear
Spanish Director,Film,praise
Imdb,Different Teaser Synopsis,provide
Their First-Year Assignment,8-12 Minute Short Film,be
Rotten Tomatoes,60% Rating,give
Peasants,Jan Rybkowski,be
Ramachandra Raju,Stars,yash
Filming,March,begin
Kgf,Five Languages,was release
Ramya Krishna,Later Schedules,are expect
Trailer,9 November,was release
Brilliant Cinematography,Razor-Sharp Edits,are put
Lyrics,Krishna Chaitanya,are write
One,Different Director,is direct
Four Different Segments,Different Directors,were direct
Anthology Films,Hyperlink Cinema,are mistake
Film,Two Sequels,spawn
Dus Kahaniyaan,Bollywood,be
R. Puttanna Kanagal'S 1976 Film Katha Sangama,Anthology,be
Nai,Three Directors,be
Archive,"More Than 50,000 Fiction Films",contain
Other Governors,Existing Board Members,be
Its Film Critics,Lewis Beale,include
Film'S Stunts,Twin Stunt Masters Ram-Lakshman Chella,were choreograph
Film'S Soundtrack,Anirudh Ravichander,will be compose
Lyrics,Vivek,will be write
Mahjong,Edward Yang,be
Gods,Marie Phillips' Satire Novel,be
Film,Mid-2011,was shoot
Edited Version,2008 Karaoke Video Game Singstar Pop Vol,would be use
Flavors,Raj Nidimoru,be
Flavors,Cairo International Film Festival,be
Flavors,Mostly Positive Reviews Form Critics,receive
Nikaah,B. R. Chopra,be
Film'S Music,Ravi,was compose
Film,Hyderabad,is set
Students,Osmania University,be
Haider,Magazine,become
Addiction,Minna Virtanen,be
Only A Few Loudspeaker Announcements,Original Cut,were use
Movie,Breach,heal
Movie,Timing,depend
Mash,Reasons,be
Supporting Cast,Geraldine Chaplin,include
Film'S Reputation,Time,has improve
Zhivago,Komarovsky'S Wound,tend
Yuri,Their Relationship,renew
Film,1966 Cannes Film Festival,was enter
Film,Three Bafta Award Nominations,receive
Lighting,Mis-En,be
Film,Its U.S,have
Lyricist Howard Ashman,Film'S Songs,write
Purdum,Director,resign
Two-Disc Dvd Edition,November,was release
Film,Best Picture,was nominate
Potts,Babette,logan
Film,March,was release
Extra Lives,Levels,are hide
Final Boss,Game,be
Clothes,Paint,simulate
Coraline,February,was release
Kuklinski'S Daughter,Hit-And-Run Car Accident,is injure
Club,C+ Rating,give
Oliver Lyttelton,C Rating,give
Banks,Job,was hire
Mark Bridges,Costume Designer,serve
Keeley Hazell,Unspecified Role,audition
Lucy Hale,Film,audition
Ora,Soundtrack,want
Principal Photography,December,was delay
Fairmont Hotel Vancouver,Heathman Hotel,was use
Film,North Shore Studios,was shoot
Production,February,end
Second Trailer,November,was release
Similarly Cut Version,Zimbabwe,was release
Other High Openings,Germany,include
Its Largest Markets,Total Earnings,be
Films,Sadomasochistic Affair,be
Release Date,January,was announce
Raees,Criminal Abdul Latif'S Life,was say
Raees,Baby Son,have
Cm,Alliance,form
Communal Riots,State,break
Raees,3500 Screens,open
Raees,₹272.5 Crore,has gross
Raees,Srk Showcase,work
Raees,Neither A Hero,be
Additional Lyrics,Javed Akhtar,are write
Shah Rukh Khan,His Fan'S Death,condole
Phrases,Just Original Motion Picture Soundtrack,were shorten
Soundtrack,Instrumentation,contain
Koji Kondo,Nintendo Games,be
1985 Novel,Ursula K.,come
Garrocho,Original Soundtrack,have
David,Cylinder,investigate
Pre,April,begin
Iceland Shoot,160 Icelandic Crew Members,involve
Shooting Areas,Complex'S Large Water Tank,include
Frédéric Chopin'S Raindrop Prelude,Film,is feature
Production Designer Arthur Max,Film'S Design Staff,lead
Theron,"Ice-Silver, Silk Mohair Suit",is dress
Other Influences,Earth,be
Designers,"Smooth, Muscular, And Powerful Appearance",give
Practical Creature,Silicone Skin,be
Deacon'S Protruding Jaw,Goblin Shark,was inspire
Prometheus,"Approximately 1,300 Digital Effect Shots",contain
Trailer,December,was release
Entertainment Weekly'S Lisa Schwarzbaum,Cast,be
O'Hehir,Wolski'S Cinematography,mention
Covenant,Alien,be
Subgenres,"Anti-War, Comedy",not distinct
Directors,At Least Tentative Definitions,have offer
Both The Central Powers,War Documentaries,produce
Exceptions,Green Berets,include
Heroes,His Men,be
War,Japanese Film-Makers,not be
Film Propaganda,Second World War,was use
Resulting Film,British Offices,become
English Countryside,Spies,be
Mohiniyaattam,Sreekumaran Thampi,be
Basil Rathbone'S The Scarlet Claw,Sherlock Holmes,see
Crown International,Masked Killer,feature
Splatter Films,Gratuitous Gore,focus
Italy'S Giallo Thrillers,Eroticism And Psychological Horror,be
Ray Dennis Steckler'S Burlesque Slasher,Skid Row Slasher,be
International Market,Italy'S Absurd And Madhouse And Germany'S Bloody Moon,find
Film'S Iconic Hockey Mask,-Culture,has grow
Traditional Slasher Films,Less Frequent Output,see
Film,Original Cast Members Anthony Perkins,reunite
Nightmare,Elm Street,become
Mexico,Zombie Apocalypse,release
New Nightmare,2.3 Million Tickets,sell
Sequels,H20,halloween
Netflix'S Slasher,New Settings,are were intend
Lee,Deok-Hee,chung
Ministers,Concubine,arrange
Letdown,Character Development,has be
Paramount Pictures,Film,co
Astronauts Miller,Positive Results,edmund
Cooper,Endurance,is recruit
Crew,Scientists Dr,include
Mann,Failed Manual Docking Operation,die
Dilation,51 Years,add
Cooper,Tesseract,are eject
Principal Photography,December,conclude
Film,Two Robots,feature
Soundtrack,November,was release
New Deal Studio'S Miniatures,150 Special Effects Shots,were use
Other Strong Openings,Germany,occur
New York Post Critic Lou Lumenick,Most Exhilarating Film Experiences,deem
Malayalam Film Industry,India,be
Films,Their Cinematography And Story-Driven Realistic Plots,are know
First Cinemascope Film,Malayalam,be
First Film,Malayalam,be
Malayalam Films,Tamil Producers,were make
Many Directors,Period,spring
Menon,Rosy And Later Chemparanthi,make
His Important Movies,Kanchana Sita,include
This,Cinematography,was aid
Films,Warm Background Music,have
Movie,British Film Institute Award,win
This,Which,be
Millennium,Blockbuster Hit,start
New Wave,Fresh And Unusual Themes,is characterise
Film,Four Languages,was acclaim
My Dear Kuttichathan,70 Mm Film,produce
Villain,8K Resolution,be
Ramu Karyat,1960S,go
Reformation,Music Directors Brother Laxmanan,was lead
Major Playback Singers,Time,be
P. Balasubrahmanyam,Malayalam Films,sing
Soft Melodious Music,Songs,be
P. Venkatesh,Period,be
National Award-Winning Music Composers,Malayalam Cinema,be
Travancore National Pictures,Kerala,be
Tamil Cinema,Tamil-Language Motion Pictures,be
This,Few Months,klug
Theatre,Few Years,was shut
Lyric Theatre,Mount Road Area,was build
Silent Films,Additional Attraction,were screen
Tent Events,Cinema Shows,be
Era,Short Films,had end
More Cinema Houses,City,come
Silent Era,South Indian Cinema,has not been document
Company Dramas,Madras Audience,be
Many Successful Tamil Films,Other Film Industries,have been remade
Movies,Two Or Three Languages,are make
Kalava,Tamil,be
Kanchivaram,Toronto International Film Festival,was select
Mani Ratnam'S Nayakan,Time Magazine'S All-Time 100 Best Movies List,was include
Documentary Films,Length,were call
Documentary Practice,Documentary Projects,be
These,Doyen'S Films,survive
Not Many Scientists,Your Way,have follow
Vivid Example,Snow,be
Films,Modern Art,were influence
Luis Buñuel,Surrealist Documentary Las Hurdes,direct
Films,Viewer,be
Commentary,'Objective,sound
World,Documentary Films,does get represent
Documentary Translators,Tight Deadlines,have
Documentary Translators,Given Field,not be
Spring River,Cai Chusheng,be
Film Industry,Cultural Revolution,was restrict
Other Notable Fifth Generation Directors,Wu Ziniu,include
Fourth Generation,Prominence,return
Internationally Acclaimed Documentary,Deindustrialization Tie,be
Jet Li'S Cinematic Debut Shaolin Temple,Home,be
Feng,Post-1997 Era,has become
2006 Crazy Stone,"Just 3 Million Hkd/Us$400,000",was make
Who,Dual Roles,be
Greater China,Around 251 Imax Theaters,have
Other Large Companies,Huayi Brothers Media,include
Doe Flees,Chase,give
Police,Devastated Mills,converge
Chechik,One Point,was attach
Washington,Role,regret
Filming,Two Days,take
Site'S Critics' Consensus,"Brutal, Relentlessly Grimy Shocker",read
Contrast,Itself,not is inspire
Dvd,Dvd-Rom Drives,be
Film'S Original Score,Howard Shore,be
Film,France,be
Glass,Train David,is being hold
Elijah,Staple’S Best Efforts,remains sedate
’S Father,Same Train Crash David,did n’t leave
Richard Roeper,Chicago Sun-Times,call
M. Night Shyamalan,Glass,has been ask
Shuri,Ross,confront
M'Baku,T'Challa,to reinforce
Killmonger,Free Man,refuse
Arm Band,Southern Ndebele People,be
Sets,Skypanels,were surround
Filming,April,conclude
Full Trailer,October,was release
This,Asian Territories,be
This,Black Director,be
Film'S Largest Markets,April,be
Film,Sun,feel
This,Superhero Film,be
Demographics,Its Second Weekend,be
Film,May,is schedule
Film'S Music,Michael Stearns,was compose
Filmmakers,Sequences,connect
Rima,Helicopter,arrive
Sam,Wrist,is wound
Company,Animation Division,have
Cfcc,Its Precise Roles,have
China Film Group,More Than 30 Feature-Length Films,produce
Canal,Erden Kıral,be
Amazing Spider-Man,Mixed Reviews,see
Up-And-Coming Actor Tom Cruise,Leading Role,was discuss
Director Zito,Compromised Spider-Man,opt
Electro,Corrupt Capitalists,be
Spider-Man,Scientist Otto Octavius,contend
Talks,Studios,break
Spider,July,was release
Three Films,Motion Picture Dvd Trilogy Box Set,were package
Spider,High-Definition Blu-Ray Format,be
Paul Wernick,September,sign
Feige,Films,was not expect
Film,July,is set
Hunter Film,Richard Wenk,kraven
Whose Lives,Other Hand,study
Biopics,Truth,stretch
Eilis,Local Young Men,be
Eilis,Break,is tell
Kehoe Praises Eilis,Christmas Irish Lunch,has agree
Kehoe,Eilis,is give
Eilis,Dolores,look
Film,Eilis,end
That,Itself,be
All The Women,Film,be
Cohen,Hamptons International Film Festival,was name
Thin-Film Technology,Conventional C-Si Technology,has be
Cadmium Telluride,Outdoor Applications,be
Hyperspectral Imaging,Cells,has been use
Thin-Film Silicon,Conventional Wafer  Crystalline Silicon,be
C-Si Layer,Red And Infrared Light,can absorb
Semiconductor Material Gallium Arsenide,Single-Crystalline Thin Film Solar Cells,is use
Mother,Bed,awaken
Their Argument,Passionate Lovemaking,end
Score,Order,need
Gabriel Bateman,September,were set
Nix And Zapruder Films,Direct Simultaneous Comparison Movie,were combine
His Younger Brother,Fight,stop
Lions Gate Entertainment,Film,distribute
Bush Administration,Film,never comment
Incident,Bush,is dispute
Nordisk Film Games,Nordic Gaming Studios,invest
Kogama,Over One Million Registered Users,have
Nordisk Film,Danish Venue,will operate
Mystery,Cartoon Network,was release
Brian Levant,Film,direct
Shaggy,Side Relationship,was set
Scooby-Doo,June,was release
Plot,Mystery Inc,show
Plot,Mystery,be
Tohokushinsha Film Corporation,Akasaka,be
Film Grain,Such Particles,be
"Havana Film Festival
Madre",Simón Mesa Soto,be
Chisholm,Corrupt Sheriff,send
Actors,December,were cast
Denzel Washington'S Character,Chris Adams,was rename
Someone,What,of
Horner'S Friend And Score Producer Simon,Score,franglen
Other Locations,St,include
Mtv'S Amy Nicholson,Film,decry
L. Jackson,Part,take
Elliot Goldenthal,Soundtrack,compose
Reception,Movie,be
Stephanie Sigman,Series,will star
Lin,Pilot,was announce
Movie,Santa Maria,was title
This,Kurangu Bommai,be
Ishta,R.P,be
Film,21 October,was release
Splatter Directors,Mainstream Hits,have go
Fargo,Joel,be
Film,United States,be
Payment,"$80,000 Ransom",would be
Enraged Carl,Gun,pull
Brothers,Their Explanation,have modify
Actual Murders,Minnesota,were not commit
Site,Best Buy'S National Corporate Headquarters,is occupy
Blue Ox Motel/Truckstop,South St,be
Which,Business,paul
Building,Medical Outpatient Treatment Center,house
Fargo,American Film Institute'S 100 Years,was rank
Marge Gunderson Character,Afi'S 100 Years,was rank
Main Musical Motif,Norwegian Folk Song,is base
Fargo,Several Formats,has been release
Music,Madhavapeddi Suresh,was compose
Nfpb,Nfr,add
Table,2018 Induction List,be
Film,6 January,was release
Soundtrack Album,Five Tracks,consist
Album,17 December,was release
Rajkumar Santoshi,Hindi Films,be
Lajja,India,be
Film,National Film Award,win
His Films,Period,were receive
Characters,Narrative Voice,are invent
Stage Plays,Film Adaptations,be
Adaptive Process,One Translation,can continue
Feature Films,Television Series,are create
Radio Series,Film Series,turn
Superman,Famous Comic Book Characters,be
Aspects,Characters,are simplify
Man,Storyline Spider,was base
Some,Super Mario Bros,were receive
Inconvenient Truth,His Own Keynote Multimedia Presentation,be
Remakes,Original Film,be
Many Films,Mythology And Religious Texts,have been make
Homer'S Works,Several Nations,have been adapt
Films,Plays,have inspire
Spamalot,Monty Python Films,be
Followup,Compilation,be
Band,New Wave,become
Motion Picture Projects,Three Discrete Stages,have
Which,Overall Art Department,be
Actors,Personal Makeup Artists,have
Talkies,Early 1930S,be
Phonorama,Exposition,were present
Innovations,Significant Front,continue
De Forest And Case'S Working Arrangement,September,had fall
These,Hollywood Studio,be
Patents,Three Concerns,be
These,Date,be
Natural Sounds,Settings,be
Film,Warner Bros,cost
Movie,Twenty-Nine-Year-Old Alfred Hitchcock,have
Les Trois Masques,October,debut
Ardeshir Irani,First Persian-Language Talkie,produce
Pyonsa,Role,korea
This,One Big Issue,leave
Moviehouse Musicians,Their Jobs,had lose
Hollywood,Larger Stage,rule
This,Music,was achieve
Hindustani Heer Ranjha,Lahore,was produce
Talking Film,Singing Book,be
Such Methods,Popular Filmmaking,would become
Year,New York,journey
Kevin,His Normal Size,turn
Music,Heitor Pereira,is compose
Other Notable Openings,Germany,were witness
Title,May,was reveal
Leto,Cannes Soundtrack Award,win
Tenaliraman,Yuvaraj Dhayalan,be
That,Time Constraints,did n't materialize
D. Imman,Music,compose
Singer Krishnaraj,Song,had deliver
Youngster,Camphor,be
Final Verdict,Behindwoods,be
Destiny,Other Options,go
Cracks,Their Operation,start
Other Strippers,Their Strategies,begin
Ramona,Particularly Unreliable New Hire,be
Elizabeth,Ramona,visit
Stx Entertainment,Film,distribute
Full Theatrical Trailer,September,premiere
Film,August,was release
Pokiri,Puri Jagannadh,be
Soundtrack,Mani Sharma,were compose
Film,Four Nandi Awards,win
Prakash Raj,Film'S Primary Antagonists,were cast
Hindu,Film,write
Film,Telugu,be
Pokiri,Several Films,was parody
Space Odyssey,Stanley Kubrick,be
Sunlight,Monolith,strike
United States Spacecraft Discovery,Jupiter,is bind
Only Hal,This,had been tell
Universe,Biographer Vincent Lobrutto,be
Clarke,Novel,write
Script,Many Stages,go
Colour Processing,Technicolor'S Dye Transfer Process,were do
Plans,Rediscovered Footage,have been announce
Set,Diameter,be
Expansive Backdrops,African Scenes,require
—George Lucas,Greatest And Most Influential Films,is regard
Filmmakers,Video,have use
Nikkatsu,Their Roman Porno Line,respond
Bed Partner,Venerable 17-Year-Old Roman Porno Series,be
Their Films,Older Pink Audience,were consider
Sivana,His Foster Siblings Hostage,call
His Siblings,Heroes,are hail
Natalia,Mrs,was cast
Their Voices,Actors Steve Blum,were provide
New Line Cinema,Warner Bros,was absorb
Film,2012-2013 Shazam,state
Aquaman Stunt Coordinator Kyle Gardiner,Film'S Action Sequences,was hire
Mark Strong,Final Negotiations,be
That,Genre'S Real Power,be
Nick Allen,Rogerebert.Com,say
Film,French Actresses Amira Casar,star
Ivory,Mr,alter
His Character,Three Languages,be
Who,Elio'S Father,stuhlbarg
Additional Outdoor Scenes,December,were shoot
Train Station Scenes,Pizzighettone,were film
Their First Cut,Film,run
Sony Pictures Classics,U.S,had acquire
Deal,Wme Global And Uta Independent Film Group,was negotiate
Dark World,November,were release
Third Sequel,Development,be
Adriana Barraza,Diner Owner Isabella Alvarez,play
Maximiliano Hernández,S.H.I.E.L.D,play
Principal Photography,January,begin
Footage,Internet,was leak
Other Official Promotional Partners,Burger King,include
That,Our Rehearsal,be
Third Sequel,November,be
Hadewijch,Bruno Dumont,be
Hadewijch,Winter Rain,be
Hammer Film Productions,London,be
Other Hammer Musical Personnel,Malcolm Williamson,include
Someone,Fact,will have be
Audrey Field,10 October,report
Christopher Lee,"Imposingly Tall, Brutish Creature",was cast
All The Stories,Contemporary England,were set
Kane,Intensive Care,is put
Creature,Grenade,is set
Alex Garland,Film,was hire
Test Shooting,St,had been do
Adventure Films,Stock Characters,can contain
Carol,Todd Haynes,be
Therese,Their Argument,witness
Two Argue,End,come
Five Proper Drafts,Years,materialize
Haynes,Screenplay,collaborate
Berwin,Film,remain
Weinstein Company,U.S,acquire
Digital Intermediate Process,"Very Specific, Slightly Spoiled Palette",was use
This,Masters,is filmmake
Carol,180 Theaters,expand
Carol,Over 270 Industry And Critic Nominations,has receive
New York Film Critics Circle,Best Film,award
Lachman,London Film Critics' Circle Technical Achievement Award,win
Film,His Memory,are dedicate
Miguel,Upper Hand,commence
Metro-Goldwyn-Mayer,Film,pick
Film,Toronto,was produce
His Longtime Crush,Result,attempt
Frank'S Son,Different Approach,suggest
Dave,Event,decide
Kick-Ass And Hit-Girl,Frank And Red Mist,take
Producer,My First Name,change
Today Critic Claudia Puig,Moretz,praise
Avé,Konstantin Bojanov,be
Color Film,At Least Three Sensitive Layers,have
Eastman,Film,become
Film,Photographic Film,be
Number,Film Gauges,were make
Film Stock Manufacturers,Their Products,begin
Manufacturer,One Negative Stock,had offer
First Films,Light,were darken
New Rating,Stock,not be
Tri-Acetate Stock,Deterioration,be
Release Prints,Dn,are generate
Team,Light Shootout,encounter
Reports,That,come
Particular Character’S Style,Script,were use
Unda’S Storyline,Heroine,did not require
Ho Liao,Cast,were add
Soundtrack Album,Three Tracks,consist
Police,Deal,seal
Graham,Story,run
Post,White House,demand
That,Urgent And Impeccably Acted Film,be
Star Wars,George Lucas,be
Denis Lawson,Rebel Pilots Wedge Antilles,play
Alex Mccrindle,General Jan Dodonna,portray
Disney,Film,turn
Force,Mystical Energy Field,was introduce
George,That,was go
Millennium Falcon Set,Christian,be
Lot,Actors,do n't mind
Hirsch,Two Reels,work
Film,Result,be
Industrial Light,Unprecedented Special Effects,was struggle
Star Wars,Kurosawa Film,borrow
‘B’ Poster,Cinema Billboards,was use
Producer Gary Kurtz,Film,turn
Charles Lippincott,Star Wars,be
Fewer Than 40 Theaters,Film,order
Version,Film,run
Soundtrack,United States National Recording Registry,was add
A Half Million Copies,February,had been sell
Script,E. Jack Kaplan,was adapt
Epic Films,Large Scale,be
Films,Historical Character,take
Biographical Films,Genre,may be
1997 American Epic Romance,James Cameron,be
Jack,Hypothermia,die
Lifeboats,Ten Percent,were shrink
Boarding Scenes,November,were being shoot
Other Times,Set,not be
One Eye,Terminator Eye,be
Person,Poisoning,was never catch
Filming Schedule,138 Days,was intend
Cameron,His Share,explain
Films,Initial Budget,go
Many Other Scenes,Similar Reasons,were cut
This,More Positive Media Coverage,lead
Film'S Impact,Men,has been credit
Ticket Prices,Late 1990S,be
Pretty Good Movies,Last Few Years,have come
Romantic And Emotionally Charged Aspects,Film,were praise
Homes,Dvd Player,have
Titanic 3D Version,60 Weeks,take
Frank C. Turner,Crazy Carl,appear
Tika,June,was cast
Jim Carrey,Villain,was cast
Elfina Luk,Howard,debs
Visual Effects,Industrial Light,are provide
Film Poster,Film,be
Some,Film Posters,have become
Title Card,Movie Title,display
Bathory,Juraj Jakubisko,be
Witch,Erzsebet,promise
Erzsebet,Surreal Visions,begin
Film,Genres,be
Her First Appearance,6 March,was plan
Movie,Vivek Oberoi,be
Vivek Oberoi,Voice,lend
This,Rental Facilities,would include
Each,State Or Province'S Borders,may have
This,Paper,is refer
Elements,Marketplace Analytics,include
Crowdfunded Films,Iron Sky,include
Film Slate'S Poor Performance Records,Public Court Documents,are show
Last Call,Greg Garthe,be
Film Stars,Van Winkle,hansen
Plot,Bestseller,is inspire
Film,2 June,was release
His Mother,Teacher,school
Guy,Utmost Sincerity,look
His Acting Capabilities,Lot,leave
His Last Release,Year,be
Film,Critical Acclaim,earn
Film,Switzerland,was shoot
Film,Box Office,manage
Rampal'S Last Release,Year,be
Movie,London,was shoot
This,Wider Success,bring
Taran Adarsh,Rampal'S Performance,praise
Majority,Fans,consider
His Body Language,Quietly Menacing Villain,create
His First Release,Chitrangada Singh,be
Rummana,Yahoo,ahmed
Nineteen Shows,Globe,occur
Härmä,Jp Siili,be
Most Common Fantasy Subgenres,Movies,be
High Fantasy Films,More Richly Developed Fantasy World,tend
Many Scholars,J.,cite
Other Notables,Genre,be
Disney'S 1951 Animated Film Alice,Wonderland,be
1960S,Fantasy Films,be
Highlander,Immortal Scottish Swordsmen,was release
Xerxes' General,Their Surrender,demand
Furious Xerxes,His Troops,order
Greeks,Leonidas' Sacrifice,mobilize
Certain Sequences,Different Moods,were desaturate
Conceptual Art And Zack Snyder'S Production Blog,Site,be
Collision Studios,Warner Bros,work
Tnt,Three-Year Deal,agree
Critics,Film,be
Classical Sources,All The Wrong Places,are use
Various Iranian Officials,Film,condemn
Voice Cast,John Cena,include
Harry Collett,December,were cast
De La Tour And Carmen Ejogo,Voice Cast,join
Stack,Thin Films,is call
Everyday Example,Frost,be
Molecular Beam Epitaxy,Thermal Evaporation,be
Nitrogen,Sputtering,are being use
Electrohydrodynamic Deposition,Thin-Film Deposition,be
Adsorbate-Surface And Adsorbate-Adsorbate Interactions,Growth Mode,are balance
That,Thin Gold Leafs,nm
Layers,Reflective And Refractive Systems,serve
Flexible Batteries,Plastic,can be make
Film,Cameras,be
Many 3D Films,70 Mm Imax Format,were show
Sue Ann Irons Chaz'S Stomach,Haley'S Mouth,sew
Taylor,Blum'S Office,go
Ma,May,was release
First Trailer,February,was release
Anna,Luc Besson,be
Film,Besson'S Offscreen Personal Issues,say
More Scripts,"Hensleigh, John Turman",had been write
Electricity,Bruce,hit
Turman,Two More Drafts,was bring
France,Final Credit,receive
Computer Animation Supervisor Dennis Muren,Set,be
Sound Design,Skywalker Sound,was complete
Other Software,Maya,include
Frequent Ang Lee Collaborator,Film,be
Roger Ebert,Positive Review,give
Dennis Muren,Best Special Effects,were nominate
Family Film,Slovenian Director Olmo Omerzu,be
Film,Prague,was shoot
Family Film,Two Czech Film Critics' Awards,win
Film'S Score,Harris Jayaraj,are compose
Film,Vikram Krishna,was produce
Nayantara,Female Lead,was select
Lyrics,Pa,are pen
Sathyam,Harris'S Crown,be
Kabaddi,Ram Babu Gurung,be
Film,Raunak Bikram Kandel,was produce
California Film Institute,San Rafael,be
Founder,Cfi,be
Film Center,"Approximately 200,000 Attendees",serve
Mira,Raghuram,serve
Lobo,Money,fail
All These Characters,Kali,is be reveal
First Look,November,was release
Conversion,Question,be
Gogol'S Immortal Story,Cuts,will be screen
Who,Ukrainian Territories,traveler
De Beauplan,Film'S Main Character,be
Locals,Story,take
Second Carriage,Interior Scenes,was construct
Flemyng,Director,was approve
All The Stunts,Irzi Kuba,were choreograph
Who,Vysotskiy,gorshenin
Film,Real 3D,is shoot
Special Proprietary Technology,Film'S 3D Effects,was develop
Reception,Film,be
Laura,Xavier'S Body,logan
Doris Morgado,Maria,appear
'S,That,let
Music,Marco Beltrami,is compose
"57:31
All Music",Marco Beltrami,is compose
Teaser,Positive Reviews,meet
Hugh Jackman,Best Human Beings,be
Top Openings,China,be
Group,Visitor Center,proceed
Characterizations,Novel,were change
Two Scenes,Book,were excise
Parts,Film Sequels,were include
Jim Carrey,Role,audition
Robin Wright,Role,turn
Christina Ricci,Role,audition
Crew,Warner Bros,move
Jurassic Park,May,was complete
John Neufeld,Score'S Orchestrations,provide
Jurassic Park,Time,become
Hard Disk,Such A Movie,be
Who,The,preservationist
Established Graduate Programs,Field,be
Their Forms,Bar Applicators,be
Film Applicators,Astm Standard D823,follow
Automatic Film Applicators,Their Construction,vary
Drawdown Process,Astm Standard D823,is govern
This,Film Applicator,be
Square Applicator,Previously Mentioned Applicators,be
Music,R.,was compose
Songs,Sirivennela Seetharama Sastry,were pen
Music,Aditya Music Company,was release
Editor,Chief,be
Other Popular Cinema Chains,Capitol Cinema,include
Film Industry,Nigeria,become
This,Manual White Blood Cell Differential,is know
Primary Characteristic,Film Format,be
Film Format,Size,would be
Following Sortable Table,Corresponding Numbers,show
Film,1994 Cannes Film Festival,was enter
Films,760 Millimetres,may be
Number,Naming Cameras,are use
120 Format Cast-Metal Bodied Voigtländer Perkeo,620 Format Camera,remain
Iranian Films,Persian Language,are write
Iranian Cinema,Many Ups,has have
Iranian Visual Arts,Sassanian Reign,say
Very Popular Form,Such Art,be
His Film Theatre And Photography Studios,Public,were destroy
Other Cinema Theatres,Tehran,close
Local Feature Film Production,Their Persistence,was bear
Kimiai,Kaiser,make
1970 Iranian Cinema,Its Mature Stage,enter
Farabi Cinema Foundation,Disorganized Cinema,step
Government,Financial Aid,begin
Iranian Box Office,Commercial Iranian Films,is dominate
Western Films,Movie Theaters,are show
Contemporary Hollywood Productions,State Television,are show
Many Renowned Directors,Iranian War Cinema,were involve
Second Tehran International Animation Festival,February,was hold
First Tehran International Film Festival,April,open
Festival,International And National Film And Video Competitions,feature
Akira Kurosawa,2006 Event,was honor
Dariush Mehrjui'S Seminal Film Gaav,Iranian New Wave,is consider
Censorship,Rakhshan Bani-Etemad,may lady
Many Iranian And International Artists,Her Release,demand
Battle Royale,Fukasaku,be
Battle Royale,Global Popular Culture,become
Noriko Nakagawa,Class,be
Shuya,Kiriyama'S Uzi,is wound
Planned 9-Day Run,Popular Demand,was extend
Fukasaku'S Son,Conversion,oversee
Dvd Version,"5,000 Copies",was limit
Reporter,Hubbub,note
New Line,Remake Rights,has n't purchase
Examples,Fate/Stay Night Series,include
Surya,Haranath Chakraborty,be
Film,Telugu Film Aadi,be
Award Ceremony,London,is hold
Directors,Youtube,cut
This,Hindu-Dominated State,would mean
His Impact,Genre,was consider
Jessica,Group,be
Connery,Role,had turn
Bond,Seventies,is set
Not All Viewers,Dalton,were take
Jay Scott,Globe,be
Tuxedo- And Lifejacket-Clad Craig,Royal Navy Speedboat,arrive
Paul Arendt,Bbc,agree
J. L. Carr,Country,'s
Film,Generally Favorable Reviews,receive
Film,Mostly Excellent Reviews,gather
Firth,Wilde'S Friend Reginald Reggie Turner,will play
Shooting,September,begin
Filming,April,begin
Film,2007 London Film Festival,was select
Family,Chiswick,live
Film,March,is schedule
Trailer,Toy Story,was show
Inversion,Behnam Behzadi,be
Educational And Sports Films,Classification,be
China,Rating System,does not have
Only Level,Government,be
R Rating,Nc16,has been replace
Distributors,Age Ratings,are compel
Unrated Film,Nr,is denote
Age Ratings,Several Categories,are divide
Ali Wong,Undisclosed Roles,have been cast
Vanessa Kirby,Interest,daddario
Steven Williams,Film'S Cast,join
Filming,Mid,was expect
Jay Cassidy,Editors,will serve
Original Music Score,Mark Isham,is compose
Cast,Vanessa Redgrave,was head
Film,Mainly Positive Reviews,receive
Results,Andrew Bujalski,be
Results,Its Own Deliberate Pace,state
Name,Words Odia,be
Odisha,History,have
This,Odia Film Industry,be
His Name,Odia Film Industry,would be
Phoola Chandana,Ananda Sankar Das,was write
Raja,Rani,were make
Tulasi Apa,Many International Festivals,be
Break,Gianluca Maria Tavarelli,be
These,Other Instalments,not be
Films,Young Audiences,be
Dvd Examples,Kick-Ass And Black Swan,include
El Angel,Luis Ortega,be
Window Film,Professional Service Companies,is instal
Silvered Film,Same End,may be employ
Correctly Applied Mirror Film,One-Way Mirrors,can create
Window Film,Stick-On Blinds,is consider
Not All Films,Glass,be
Amount,Iridescence,may vary
Window Tints,Energy Efficient Buildings,are use
Solar Window Film,Less Critical Testing,be
Ansi Standards,Solar/Uv Transmission Properties,relate
Mystic River,Clint Eastwood,be
Film,Robert Lorenz,was produce
Film,Widespread Critical Acclaim,open
Jimmy'S 19-Year-Old Daughter,Brendan Harris,is date
Jimmy,Local Bar,get
Jimmy,His Wife,go
Film,4 Dec,was release
Veteran Composer Ilaiyaraaja,Music,score
Auro,Extremely Rare Genetic Disorder,be
Media,His School,try
Vidya Balan,Mother'S Role,be
John'S College,Song Sequence,have been show
Film,Taiping,was shoot
King Edward Vii School,Typical Malaysian Schools,be
Soundtrack,Veteran Composer Ilaiyaraaja,was score
Colonel Wolodyjowski,Jerzy Hoffman,be
Cube,Vincenzo Natali,be
Film,Toronto,was shoot
Natali,Cube,develop
Short,Procure Financing,help
Cube,Toronto Soundstage,was shoot
Side,Outer Shell,be
Bloody Disgusting,Movie,give
Positive Review,Movie,ca n't hold
Things,Mia Hansen-Løve,be
Things,Critical Acclaim,receive
First Film Colorization Methods,Individuals,were do
Process,Its Inventor,was name
Result,Success,was judge
Law,National Film Registry,create
Colorization,Documentary Programmes,is use
Slavi,Mccall,refuse
Mandy,Rensen,is murder
Song,Closing Credits,play
Second Film,U.S. Theaters,was release
Equalizer,U.S,was release
Same Sequence,Several Cameras,would be film
First Films,Nudity,be
1922 Swedish/Danish Silent Horror Film Häxan,Nude Scenes,contain
Her Pubic Area,Film,promise
Chicago Sun-Times Movie Critic Roger Ebert,Promises,write
Video And Dvd Versions,Nudity,cut
Nudity,Various Forms,has become
Movie Critics,Gratuitous Nudity,view
Both,U.S,were ban
Simulated Male And Female Genitals,Various Scenes,are show
Film,Chinese South African Film Director Lawrence Ah Mon,is direct
Scenes,'Actual Nudity,be
Johnson,Detective Films,had grow
Region,September,was release
Stephen Holden,New York Times,comment
Warren Skaaren,Rewrites,do
Additional Uncredited Drafts,Charles Mckeown,were do
Three Sequels,June,were release
Producers,Melniker,benjamin
Burton,Warner Bros,was pressure
Kane,Casting,question
Robin Williams,Part,lobby
Robert Wuhl,Reporter Alexander Knox,was cast
Hell,Pavement,erupt
18 Sound Stages,Pinewood'S 95-Acre Backlot,were use
Jonathan Gems,Script,rewrote
Hamm'S Stories,Graphic Novel Batman,were collect
Over $750 Million Worth,Merchandise,was sell
Film'S Gross,North American Ranks,be
Everyone,Dark And Serious Superhero Movie,want
Superior Court Judge,Lawsuit,reject
Batman,Ultra Hd,was release
Haley,Alligators,attempt
English Comedian Charlie Chaplin,Silent Era,be
1927 Films Act,Renewal,be
New Venture,Denham Studios,was base
Paul Rotha,Jennings,be
Their Portmanteau Horror Film,Night,be
Attitude,Style,mean
Style,Attitude,mean
Anderson,Commercial Film Industry,be
Critical Responses,New Wave Film Makers,have not be
Commercial Success,My Beautiful Laundrette,was achieve
Other Working Titles Films,Bean,include
Number,Other Organisations,respond
Most Commercially Successful British Directors,Recent Years,be
Film Industry,British Economy,remain
Who,Her Plan,dewey
Bourne,Lee,evade
Bourne,Assassinations,thwart
Bourne Legacy,U.S,was release
Mohanan,Songs,be
Principal Photography,Mid,begin
Film Score,Bijibal,was compose
Film,19 January,was release
Marketing Budgets,About Half The Production Budget,tend
Publicity,Distributor,is handle
Arjun,5 Years Imprisonment,is sentence
Zoya,Supermarket,are shop
Album,6 Original Songs,consist
Music,Generally Positive Reviews,receive
Tu Hai,Song Ana Ayesh,seem
Lucid,Sean Garrity,be
Nandi Awards,Four Categories,are present
Waitress,Quality Star Wattage,was call
Stage,Film,was write
Movie,Paper Film,was shoot
Chronological Improvements,Medium,may be list
Most Movies,1970S,be
Imax,Popularity,gain
Many Black And White Movies,Digital Tinting,have been colorize
Effort,Very Little Success,meet
Practice,Deep Focus,is know
Trend,More Shallow Focus,be
Different Ratios,Different Aesthetic Effects,provide
Invention,Cinematic World,be
Speed,Presentation,does not vary
Cinematography,Photography,not be
Ski Films,One Or More Techniques,present
"Ski, Snow",Switzerland,are hold
Picture,Actual Light-Source,does not include
Sasaki,3-Inch A-Si Color Lcd Tv,fabricate
Film'S Working Title,Ramappa Poojary,be
Fukunaga,Boyle'S Replacement,was announce
Dali Benssalah,Undisclosed Roles,have been cast
Longtime,Himself,rule
Spectre,Bond,was speculate
Finch,Disguise,discover
Ignorance,Orwell'S Book,be
Name,Adolf Hitler,be
Its Closest Rival,Launch,take
Ebert,Two Thumbs,give
Gordon,Adaptations,is change
Final Song,Sight,be
Reviewer Danielle Solzman,Science,’
Artillery Fire,Party,break
Propaganda Minister Joseph Goebbels,Chancellorship,assume
Film,€13.5 Million Budget,was produce
Film,7 September,was release
Second Song,21 August,was release
Film,Poor Reviews,receive
Telugu Anchor Chitralekha,Small Supporting Role,was select
Film'S Climax,Kodaikanal,was shoot
Film'S Soundtrack,Aditya Music,was market
Cinegoer.Net,Sharma,write
Entire Compilation,Sound,not be
Audio,Chart Busters,would would become
Absence,Bhaskar,be
Cast,Double Platinum Disc Shields,were present
Climax,Film,appear
Movie,Huge Expectations,does n’t live
Things,Expectations,did n't gel
Poitín,16 Mm Film,was shoot
Animation,12 Large Frames,consist
Film,Public Donations,is be
Several Celebrities,Jonah Hill,donate
Imdb,"Over 3,000 Producers",reach
Entire Project,Imdb,was remove
Giovanni Signs,Distance,book
Lidia,While,leave
Giovanni,Offer,be
Giovanni,Lidia'S Behavior,seem
Jal,Unique Climax,be
This,Bollywood Film,be
Entire Song,Day,was create
Jal'S Background Score,Sonu Nigam,be
Word Fuck,Film,is use
Scholarly Analysis,Maledicta Publisher Reinhold Aman,is provide
Film,Author Hunter,feature
Thirty-Five Media Commentators,Film,were interview
Fuck,Mixed Reviews,receive
A. O. Scott,New York Times,write
Fuck,Several University Courses,has be
Teacher,Decision,did not appeal
Conclusion,S.,be
Soundtrack,M. M. Keeravani,was compose
Kuntala,Pindaris,is attack
Devasena,Sivagami'S Inaction,speak
Series,Shobu Yarlagadda,was produce
R.C.Kamalakannan,Visual Effects Supervisor,was choose
Film,Abbreviation,is know
Actor Nassar,Supporting Role,was select
Video,Vfx,lack
Malayalam Version,24 April,was release
Film,British Film Institute,was screen
Rumours,Great India Films,were refute
Tickets,First Week,were sell
Conclusion,₹10 Billion Nett,cross
Prabhas,Father,be
All This,Indian Cinema,be
That,Indian Film,be
Frame,Ss Rajamouli,is capture
This,Excelling,be
His Daughter,Film,call
Baahubali,That,stand
Basant,Amiya Chakrabarty,be
Yaman,Jeeva Shankar,be
Film'S Score,Vijay Antony,were compose
His Films,Story,have
Series,Paramount Pictures,has been distribute
Script,March,was say
Shia Labeouf,Future Installments,did not return
J. Miller,Cast,join
Who,Following Alternate Modes,were reveal
Writers' Room Members,Christina Hodson,include
Lindsey Beer And Geneva Robertson-Dworet,Duties,were bring
Last Knight,June,transformer
This,Comic Books,include
Characterization,Autobot Twins,was criticize
Movie,1961 Movie Lover,be
This,3 Foreign Languages,be
Who,His Warner,year
Schumacher,Lauryn Hill,plan
Dvd Version,Two Editions,was issue
Two-Disc Version,Feature-Length Production Documentary,include
Dvd Versions,Two-Disc Formats,were issue
Dreamgirls,High Definition Home Entertainment Format,be
Book,October,was release
Scrapbook,March,was release
Jobs,2013 Sundance Film Festival,was choose
Jobs,Los Altos,be
That,Historical Inaccuracies,be
Wozniak,Aaron Sorkin'S 2015 Steve Jobs Film,be
Chris Espinosa,Twitter,state
Filming,September,end
Next One,Horror Movie,will be
Mpaa,Two Minutes,mandate
Internet Or Home-Video Trailers,Time Restrictions,have
That,U.S,film
Date,This,were affect
Walter Reade,75 Top U.S,be
Who,Ratings,exhibitor
Both,Subsidiaries,be
First Film,Rating,be
New Yorker Critic Pauline Kael,His Criticism,echo
Anything,This,could be
Movie,Miramax,was release
Film'S Score,Brian Eno,was compose
Jack,Susie'S Friend,stumble
Official Trailer,Television Series Entertainment,debut
Genre,"Its Historical, Ideological, And Sociocultural Context",has been define
Some,These,were acclaim
Film,Fictional New Jersey-Based Dimeo Crime Family,will center
Three Films,Alain Delon,feature
Film,Bommireddy Narasimha Reddy,was direct
Many Successful Telugu Films,Bengali Cinema,have been remade
Nandi,Bull,mean
2006 Film Bommarillu,72 Prints,was release
1968 Cult Classic Sudigundalu,Tashkent,was screen
P. Patnaik,Telugu Cine Music Association,be
Film,Impress Telefilm Ltd,was produce
Latter Two Certificate Awards,15Th National Film Awards,were discontinue
Creation,Generally Positive Reviews,was meet
Wan,Project,safran
Wan,Project,are set
What,Mom,be
Something,Mom,is happen
Her Daughter,Her Mom'S Health,start
Short Film,September,was release
Innocent Souls,Alejandro López,be
Film,Alejandro López,was write
Innocent Souls,Colombian Competition,be
Short Film,November,was release
Owners,Unspecified Damages,had been seek
Verna,Happy Couple,be
Who,Her Friend,talk
Reason,Sara'S Rape,is find
Sara'S Mom,America,flee
Sara,This,become
Sara,Sultan'S Residence,sneak
Lyrics,Shoaib Mansoor,are write
Nickelodeon Movies,Nickelodeon Tv Channel,be
Its Films,Fellow Viacom Division Paramount Pictures,are distribute
Film,Positive Reviews,receive
Rugrats,June,go
Film,Pg Rating,be
Barry Sonnenfeld,June,was hire
Film,December,was release
Sequel,Film,is being consider
Film,Positive Reviews,meet
Film,Gore Verbinski'S Production Company Blind Wink,was produce
Bay,Walker,would produce
Film,Negative Reviews,meet
Film,November,will be release
Uncle Pastuzo'S Hat,His Nephew,is find
Principal Photography,13 September,begin
Nick Urata,Film'S Soundtrack,compose
Music,Nick Urata,is compose
Ilfochrome Materials,Dye Destruction Process,use
Many Different Techniques,Enlargement Process,can be use
Two Examples,Enlargement Techniques,are dodge
Sheet,Special Requirements,can be develop
Film,Hand,emerge
Matchless,Alberto Lattuada,be
Robin Hood,November,was release
Prince John,Nottingham,arrive
Children,Marian,sneak
Film,March,be
Both Oo-De,Cd Collection,appear
Song Love,2009 Feature Film,is feature
Company,Approximately 45 Theatrical Premieres,distribute
Human Harvest,Mandarin,was produce
Film,Many Science Fiction Films,has influence
Sequel,October,was release
Rachael,His Apartment,return
Roy,Tyrell,kill
Rachael,Apartment Block,deckard
Film,Multiple Dramatic And Narrative Levels,operate
Film'S Inherent Ambiguity,Multiple Interpretations,have permit
William Sanderson,J.,was cast
Joe Pantoliano,Role,had been consider
Backlot,2019 Los Angeles Street Sets,house
Other Locations,Ennis-Brown House,include
Voight-Kampff Machine,Novel,be
Blade Runner,Different But Related Tool,use
Cameras,Computers,be
Date,Producer Alan Ladd Jr,was choose
Which,Its Commercial Success,terrestrial
Several Versions,Blade Runner,have been show
Initial Reactions,Film Critics,be
Blade Runner,Cyberpunk Movement,has be
Film,Several Documentaries,has be
These,"Human , Blade Runner",be
Film,Tamil Film Saamy,be
Barood,Mithun-T L V Prasad,be
Honest Police Man,Corrupt Politician,is bribe
Film,Non-English Film,be
Film,Chinese Streaming Platforms,has been watch
His Methods,Early Morning Workouts,seem
Film,Perception,will change
Mukesh Chhabra,Dangal,be
Mallika Sherawat,Role,audition
Natural Light,Film,was employ
Film'S Music,Pritam,is compose
Film'S Footfalls,Domestic Indian Box Office,be
This,China'S Box Office History,be
Dangal,China,perform
Film,Several Chinese Online Streaming Platforms,has been release
Dangal,Their Entry,has not send
Film,Faye,star
Hackett,Ubs Executives,agree
Overlapping Audio,Unintelligible Cacophony,create
American People,Angry Shows,be
Finch,Considerable Prominence,respond
Lumet,Almost Naturalistic Look,start
Camera Setups,Still Pictures,be
Camera,Television,had become
Same Camera Angle,Instances,is employ
Song,His Debut Album Erratic Cinematic,feature
Statuette,Finch'S Widow,was collect
Sequel,May,was release
Thief,Sidewalk,escape
Matt Tolmach,Leary'S Character,explain
Director Webb,His Casting,say
Character,Amazing Spider-Man,was reveal
Kari Coleman,Stacy Family,portray
Raimi,His Next Villain,want
First Three Films,Good Reason,are belove
At Least Bell,Lerman,logan
Shortlist,Dianna Agron,was report
Embeth Davidtz,Nicholson,replace
That,Design,be
Film,3Ality Digital'S Ts-5 Wireless And Handheld Beamsplitter Mirror Rig,was report
James Horner,Film,score
Film'S Mobile Phones,Other Sony Divisions,come
Other Placements,Microsoft'S Bing Search Engine,include
Special Screening,Eight And A Half Minute Extended Trailer,include
Missing Items,Jansport Backpack,include
Site,Best Fan-Made Spider-Man Scenes,host
Gym,Peter Parker'S School,was fund
Viral Website,Class,was discover
Viral Site,Oscorp Industries,be
Cancer,Our Greatest Villains,be
Movie,Number,rank
Bob Mondello,Npr,come
Character,Early Comic Books,be
Nerds,World,are run
Hat,Spider-Man Idea,be
42Nd Annual Toronto International Film Festival,7 To 17 September,was hold
Festival'S Final Awards,17 September,were announce
Lomography,110 Film Production,re
Speed,Most 110 Cameras,is support
Film,Anya Taylor-Joy,star
Costumes,Wool,were make
Muir,Larger Costume Budget,lobby
Discs' Extras,Outtakes,include
Japanese Developer,Kojima,is consider
Biology Teacher Devki,Her Students,be
Inspector Matthew,Attackers,round
Body Samples,Attackers,were recover
Schedule,Challenging Climactic Environment,was wrap
Music,A. R. Rahman,is compose
Julieta,Loss,is rack
Julieta,Almodóvar'S 20Th Feature Film,mark
Filming,7 August,was complete
Le Parisien,Their Highest Five-Star Rating,give
Museum Collection,"37,000 Film Titles",include
